timestamp,code,i3,i4,i5,i6,i7,i8,i9,i10,i11,i12,Facebook,Kater,Alter,Geschlecht,extro_one_item,Minuten,Messe,Party,Kunden,Beschreibung,Aussagen,i26,extra_mw
11.03.2015 19:17:48,HSC,3,2,3,3,4,1,3,2,3,1,250.0,1.0,24,Frau,4,10.0,nein,20.0,NA,NA,NA,2.5,2.5
11.03.2015 19:18:05,ERB,2,3,1,2,3,3,2,3,3,1,106.0,0.0,35,Frau,3,15.0,nein,5.0,NA,NA,NA,2.3,2.3
11.03.2015 19:18:09,ADP,3,1,1,4,4,4,3,2,3,1,215.0,0.0,25,Frau,4,15.0,nein,3.0,NA,NA,NA,2.6,2.6
11.03.2015 19:18:19,KHB,3,2,2,4,3,2,3,3,3,2,200.0,15.0,39,Frau,3,5.0,nein,25.0,NA,NA,NA,2.7,2.7
11.03.2015 19:18:19,PTG,4,2,1,4,4,2,4,2,3,4,100.0,0.0,29,Frau,4,5.0,nein,4.0,NA,NA,NA,3.0,3.0
11.03.2015 19:18:23,ABL,3,3,1,4,2,2,4,3,3,3,376.0,1.0,33,Mann,4,20.0,ja,4.0,NA,NA,NA,2.8,2.8
11.03.2015 19:18:38,ber,4,1,1,3,3,2,2,3,3,2,180.0,1.0,24,Frau,3,2.0,ja,3.0,NA,NA,NA,2.4,2.4
11.03.2015 19:18:50,hph,3,2,2,3,2,3,3,2,4,1,432.0,2.0,28,Mann,3,15.0,ja,6.0,NA,NA,NA,2.5,2.5
11.03.2015 19:19:27,IHW,4,1,1,4,3,1,3,3,4,2,200.0,5.0,29,Frau,4,10.0,nein,12.0,NA,NA,NA,2.6,2.6
11.03.2015 19:19:31,LEI,4,1,2,4,3,2,3,3,3,3,NA,0.0,38,Mann,4,10.0,nein,5.0,NA,NA,NA,2.8,2.8
11.03.2015 19:19:40,PTG,3,2,1,3,3,2,2,3,4,1,400.0,1.0,25,Frau,4,1.0,nein,10.0,NA,NA,NA,2.4,2.4
11.03.2015 19:20:02,HRM,3,1,1,3,2,2,4,2,2,3,160.0,2.0,52,Frau,4,5.0,ja,5.0,NA,NA,NA,2.3,2.3
11.03.2015 19:20:02,WHB,4,2,1,2,3,2,2,3,4,2,463.0,20.0,32,Mann,4,5.0,ja,10.0,NA,NA,NA,2.5,2.5
11.03.2015 19:20:07,TSL,4,2,4,4,3,2,3,3,4,3,308.0,2.0,25,Mann,4,5.0,ja,10.0,NA,NA,NA,3.2,3.2
11.03.2015 19:20:20,AKS,3,2,1,3,3,2,3,4,4,2,305.0,20.0,23,Frau,4,30.0,nein,45.0,NA,NA,NA,2.7,2.7
11.03.2015 19:20:33,WGM,4,1,2,4,3,1,3,3,4,3,520.0,7.0,27,Frau,4,15.0,ja,12.0,NA,NA,NA,2.8,2.8
11.03.2015 19:20:43,WEL,4,1,3,4,3,2,3,2,4,3,369.0,0.0,32,Frau,4,10.0,nein,5.0,NA,NA,NA,2.9,2.9
11.03.2015 19:20:52,WOM,4,2,3,4,4,1,4,4,4,3,NA,12.0,23,Mann,4,4.0,ja,120.0,NA,NA,NA,3.3,3.3
11.03.2015 19:21:52,BKM,3,2,1,4,3,2,3,3,3,2,349.0,1.0,33,Mann,4,5.0,nein,2.0,NA,NA,NA,2.6,2.6
11.03.2015 19:27:20,PTG,3,2,1,3,3,2,2,3,4,1,400.0,1.0,25,Frau,4,1.0,nein,10.0,NA,NA,NA,2.4,2.4
12.03.2015 07:06:02,HHD,4,1,2,4,4,1,4,4,4,3,607.0,30.0,27,Frau,4,2.0,nein,30.0,NA,NA,NA,3.1,3.1
12.03.2015 11:17:49,HHM,3,3,1,2,1,1,1,3,4,1,197.0,12.0,26,Mann,3,30.0,ja,24.0,NA,NA,NA,2.0,2.0
21.03.2015 17:32:11,WGM,4,1,2,4,3,1,3,3,4,3,520.0,7.0,27,Frau,4,15.0,ja,12.0,NA,NA,NA,2.8,2.8
11.05.2015 18:17:42,KSF,3,2,1,4,3,2,3,2,3,3,NA,0.0,32,Frau,3,5.0,ja,10.0,NA,NA,NA,2.6,2.6
11.05.2015 18:17:57,MJC,3,2,2,3,3,2,3,4,3,2,200.0,6.0,25,Frau,3,10.0,ja,12.0,NA,NA,NA,2.7,2.7
11.05.2015 18:18:11,SBM,3,2,1,3,2,2,3,3,4,1,NA,0.0,27,Frau,3,15.0,ja,20.0,NA,NA,NA,2.4,2.4
11.05.2015 18:18:25,EGF,2,2,3,2,3,2,3,3,2,2,NA,NA,27,Frau,2,NA,nein,NA,NA,NA,NA,2.4,2.4
11.05.2015 18:18:39,HPR,3,2,1,3,3,2,3,3,3,2,400.0,12.0,29,Frau,3,NA,nein,5.0,NA,NA,NA,2.5,2.5
11.05.2015 18:19:07,WHM,4,3,3,3,2,2,3,4,3,4,590.0,12.0,29,Mann,4,15.0,ja,25.0,NA,NA,NA,3.1,3.1
11.05.2015 18:19:15,MKB,3,1,2,4,4,3,3,3,4,4,150.0,1.0,25,Frau,3,7.0,ja,2.0,NA,NA,NA,3.1,3.1
11.05.2015 21:53:59,MKB,3,1,2,4,4,3,3,3,4,4,150.0,1.0,25,Frau,3,7.0,ja,2.0,NA,NA,NA,3.1,3.1
15.09.2015 15:28:03,RWM,4,2,2,4,3,3,4,2,4,3,220.0,1.0,23,Mann,3,20.0,nein,5.0,im Schnitt 1 Mal pro Tag,NA,NA,3.1,3.1
15.09.2015 15:28:40,EBM,2,2,4,3,2,2,3,3,3,2,200.0,1.0,23,Frau,3,40.0,nein,5.0,im Schnitt 1 Mal pro Quartal (oder weniger),NA,NA,2.6,2.6
15.09.2015 15:29:47,BED,3,3,1,3,3,2,2,3,3,2,400.0,2.0,33,Frau,3,10.0,ja,10.0,im Schnitt mehrfach pro Tag,NA,NA,2.5,2.5
15.09.2015 15:32:00,AUA,3,3,2,3,3,2,4,1,3,3,800.0,1.0,21,Mann,2,5.0,ja,0.0,im Schnitt 1 Mal pro Tag,NA,NA,2.7,2.7
15.09.2015 15:37:06,MDG,3,4,2,4,3,4,3,3,2,4,350.0,50.0,24,Mann,1,10.0,nein,50.0,im Schnitt 1 Mal pro Quartal (oder weniger),NA,NA,3.2,3.2
15.09.2015 16:04:55,TBA,4,1,2,4,3,2,3,4,4,4,423.0,10.0,23,Frau,3,10.0,ja,15.0,im Schnitt mehrfach pro Tag,NA,NA,3.1,3.1
15.09.2015 16:19:39,SBR,3,2,1,3,3,2,3,3,4,2,NA,4.0,25,Frau,3,5.0,nein,8.0,im Schnitt mehrfach pro Tag,NA,NA,2.6,2.6
15.09.2015 16:29:17,UFW,4,1,3,4,3,2,3,3,3,2,250.0,0.0,24,Frau,4,10.0,ja,65.0,im Schnitt mehrfach pro Tag,NA,NA,2.8,2.8
15.09.2015 17:20:23,HHB,4,2,2,4,4,2,3,3,4,3,NA,2.0,21,Frau,4,2.0,ja,5.0,im Schnitt 1 Mal pro Quartal (oder weniger),NA,NA,3.1,3.1
15.09.2015 17:20:54,HHB,4,2,2,4,4,2,3,3,4,3,0.0,2.0,21,Frau,4,2.0,ja,5.0,im Schnitt 1 Mal pro Quartal (oder weniger),NA,NA,3.1,3.1
15.09.2015 19:02:03,RVK,4,2,1,4,4,2,4,4,4,3,767.0,0.0,22,Mann,4,5.0,ja,110.0,im Schnitt mehrfach pro Tag,NA,NA,3.2,3.2
15.09.2015 19:35:41,MMR,2,3,2,2,1,4,3,2,2,1,600.0,3.0,22,Mann,2,1e9,nein,5.0,im Schnitt 1 Mal pro Monat,NA,NA,2.2,2.2
15.09.2015 20:29:13,JAA,4,1,1,3,3,2,4,3,3,4,473.0,2.0,22,Frau,4,3.0,ja,12.0,im Schnitt 1 Mal pro Quartal (oder weniger),NA,NA,2.8,2.8
15.09.2015 21:58:12,EBM,2,2,4,3,2,2,3,3,3,2,200.0,1.0,23,Frau,3,40.0,nein,5.0,im Schnitt 1 Mal pro Quartal (oder weniger),NA,NA,2.6,2.6
15.09.2015 22:21:00,SDS,3,2,2,3,3,2,3,4,3,1,189.0,5.0,29,Frau,4,7.0,nein,12.0,im Schnitt mehrfach pro Tag,NA,NA,2.6,2.6
15.09.2015 23:00:23,aab,4,1,1,3,3,2,3,4,4,4,250.0,0.0,40,Mann,4,10.0,ja,5.0,im Schnitt mehrfach pro Tag,NA,NA,2.9,2.9
16.09.2015 10:09:06,RVM,4,1,3,4,4,3,3,4,3,1,360.0,15.0,19,Frau,3,5.0,nein,40.0,im Schnitt 1 Mal pro Quartal (oder weniger),NA,NA,3.0,3.0
16.09.2015 13:11:32,MWM,4,1,3,4,4,3,4,2,1,2,NA,0.0,22,Frau,3,NA,nein,NA,NA,NA,NA,2.8,2.8
18.09.2015 09:56:50,JDF,4,1,1,4,3,2,3,2,4,2,350.0,3.0,21,Frau,4,NA,ja,7.0,im Schnitt mehrfach pro Tag,NA,NA,2.6,2.6
18.09.2015 20:59:42,dhn,4,2,2,4,4,1,3,4,4,4,550.0,15.0,24,Frau,4,3.0,ja,10.0,im Schnitt mehrfach pro Tag,NA,NA,3.2,3.2
19.09.2015 11:07:20,ABS,3,3,3,3,3,2,4,3,3,3,NA,NA,NA,NA,3,NA,NA,NA,NA,NA,NA,3.0,3.0
20.09.2015 13:36:13,JBM,4,2,2,3,4,2,4,3,4,1,278.0,4.0,24,Frau,4,5.0,ja,10.0,im Schnitt mehrfach pro Tag,NA,NA,2.9,2.9
20.09.2015 18:46:14,GSR,3,2,2,3,2,2,3,2,3,2,150.0,2.0,22,Frau,3,5.0,ja,12.0,im Schnitt 1 Mal pro Tag,NA,NA,2.4,2.4
20.09.2015 22:04:56,VSM,4,2,2,4,4,2,3,4,3,2,500.0,0.0,19,Frau,4,1.0,ja,10.0,im Schnitt mehrfach pro Tag,NA,NA,3.0,3.0
20.09.2015 22:05:20,FEG,4,1,4,4,4,1,4,4,4,4,892.0,12.0,21,Mann,3,1.0,nein,30.0,im Schnitt mehrfach pro Tag,NA,NA,3.4,3.4
20.09.2015 22:05:20,GMI,3,1,2,3,3,2,2,3,4,2,388.0,30.0,25,Frau,4,10.0,nein,35.0,im Schnitt 1 Mal pro Quartal (oder weniger),NA,NA,2.5,2.5
20.09.2015 22:08:09,CML,4,1,2,3,3,3,4,4,4,2,300.0,30.0,25,Frau,4,10.0,nein,40.0,im Schnitt mehrfach pro Tag,NA,NA,3.0,3.0
20.09.2015 22:12:50,SNI,3,1,1,4,3,2,3,3,3,1,250.0,12.0,20,Frau,4,5.0,nein,24.0,NA,NA,NA,2.4,2.4
20.09.2015 22:16:20,GGE,4,1,2,3,4,1,3,3,4,3,420.0,15.0,24,Frau,4,10.0,nein,12.0,im Schnitt 1 Mal pro Woche,NA,NA,2.8,2.8
20.09.2015 23:06:33,SBM,4,1,2,3,3,1,3,3,3,2,236.0,1.0,23,Frau,4,5.0,nein,10.0,im Schnitt mehrfach pro Tag,NA,NA,2.5,2.5
21.09.2015 10:36:16,RMM,3,2,1,3,3,2,2,4,4,1,300.0,25.0,20,Frau,2,20.0,nein,30.0,im Schnitt 1 Mal pro Quartal (oder weniger),NA,NA,2.5,2.5
21.09.2015 19:39:58,MMB,3,1,1,3,4,1,3,4,4,2,430.0,5.0,23,Frau,4,5.0,nein,15.0,im Schnitt 1 Mal pro Tag,NA,NA,2.6,2.6
21.09.2015 21:29:32,MSI,3,2,3,2,2,2,3,3,3,2,0.0,0.0,20,Frau,2,15.0,nein,20.0,im Schnitt mehrfach pro Tag,NA,NA,2.5,2.5
23.09.2015 11:20:31,HHS,4,1,2,4,4,1,3,3,4,3,649.0,12.0,22,Frau,4,4.0,nein,20.0,im Schnitt mehrfach pro Tag,NA,NA,2.9,2.9
25.09.2015 12:41:36,DUS,3,3,1,2,2,3,2,2,3,2,195.0,0.0,30,Mann,4,60.0,ja,5.0,im Schnitt mehrfach pro Tag,NA,NA,2.3,2.3
26.09.2015 12:54:46,JWD,3,2,1,4,4,2,3,3,3,3,200.0,4.0,24,Frau,4,10.0,ja,36.0,im Schnitt mehrfach pro Tag,NA,NA,2.8,2.8
28.09.2015 12:19:51,WHG,4,3,2,4,4,2,4,3,4,4,188.0,3.0,45,Mann,4,3.0,ja,25.0,im Schnitt mehrfach pro Tag,NA,NA,3.4,3.4
28.09.2015 23:08:56,WAM,4,3,1,4,3,3,3,3,3,3,410.0,2.0,23,Frau,3,3.0,nein,18.0,im Schnitt 1 Mal pro Tag,NA,NA,3.0,3.0
29.09.2015 08:37:26,NM,3,2,1,3,3,2,2,2,3,1,180.0,0.0,23,Frau,4,15.0,nein,2.0,im Schnitt 1 Mal pro Monat,NA,NA,2.2,2.2
29.09.2015 08:37:36,HED,4,1,2,4,4,1,2,2,3,2,410.0,4.0,23,Frau,3,15.0,ja,15.0,im Schnitt mehrfach pro Tag,NA,NA,2.5,2.5
29.09.2015 08:38:00,UKS,4,1,2,3,3,1,3,3,3,2,321.0,24.0,21,Frau,4,5.0,nein,36.0,im Schnitt mehrfach pro Tag,NA,NA,2.5,2.5
29.09.2015 08:38:06,ASS,4,2,3,3,3,2,2,3,3,2,450.0,3.0,22,Mann,3,NA,ja,15.0,im Schnitt 1 Mal pro Tag,NA,NA,2.7,2.7
29.09.2015 08:39:16,GBV,4,1,2,3,3,2,3,3,3,2,400.0,10.0,21,Frau,3,5.0,nein,25.0,im Schnitt 1 Mal pro Monat,NA,NA,2.6,2.6
29.09.2015 08:39:32,MRM,4,1,4,4,4,3,4,3,4,3,412.0,3.0,26,Frau,4,5.0,nein,16.0,im Schnitt 1 Mal pro Tag,NA,NA,3.4,3.4
29.09.2015 10:25:32,SFZM,4,1,3,3,3,2,2,1,2,2,197.0,0.0,20,Frau,3,0.0,nein,2.0,im Schnitt 1 Mal pro Quartal (oder weniger),NA,NA,2.3,2.3
29.09.2015 12:29:38,WEB,3,1,1,3,4,2,3,3,4,2,350.0,24.0,29,Frau,NA,5.0,nein,56.0,im Schnitt 1 Mal pro Tag,NA,NA,2.6,2.6
30.09.2015 12:52:52,FRW,4,1,1,4,4,1,4,4,4,4,0.0,0.0,40,Frau,4,3.0,ja,4.0,im Schnitt mehrfach pro Tag,NA,NA,3.1,3.1
01.10.2015 09:13:09,OHN,3,2,2,3,3,2,3,3,4,2,261.0,4.0,25,Frau,3,5.0,ja,10.0,im Schnitt mehrfach pro Tag,NA,NA,2.7,2.7
01.10.2015 12:46:04,BGM,4,1,1,4,4,2,3,3,3,2,400.0,30.0,25,Frau,4,10.0,nein,40.0,im Schnitt mehrfach pro Tag,NA,NA,2.7,2.7
01.10.2015 22:50:15,Wga,4,1,2,4,4,2,4,3,4,3,600.0,2.0,20,Frau,4,2.0,nein,5.0,im Schnitt 1 Mal pro Tag,NA,NA,3.1,3.1
02.10.2015 08:27:37,KMA,4,2,2,4,4,3,3,3,3,3,200.0,20.0,28,Frau,4,5.0,nein,15.0,im Schnitt mehrfach pro Tag,NA,NA,3.1,3.1
02.10.2015 08:49:04,RDA,3,2,4,3,3,3,3,2,3,1,517.0,0.0,25,Frau,3,10.0,nein,10.0,im Schnitt mehrfach pro Tag,NA,NA,2.7,2.7
02.10.2015 14:32:59,HPA,4,2,4,3,2,1,3,3,4,2,400.0,20.0,25,Mann,4,10.0,ja,15.0,im Schnitt mehrfach pro Tag,NA,NA,2.8,2.8
05.10.2015 21:10:25,OSB,4,1,1,3,4,1,4,3,4,3,550.0,5.0,24,Frau,4,2.0,ja,8.0,im Schnitt 1 Mal pro Woche,NA,NA,2.8,2.8
07.10.2015 12:09:45,FGL,2,2,2,3,3,2,4,2,2,4,325.0,5.0,29,Frau,2,5.0,ja,1.0,im Schnitt 1 Mal pro Woche,NA,NA,2.6,2.6
07.10.2015 21:53:03,RBI,3,2,1,2,2,2,3,3,3,3,200.0,5.0,22,Frau,3,20.0,nein,25.0,im Schnitt mehrfach pro Tag,NA,NA,2.4,2.4
09.10.2015 21:38:48,RBA,3,3,1,2,2,4,1,4,2,3,450.0,28.0,28,Mann,3,5.0,ja,14.0,im Schnitt mehrfach pro Tag,NA,NA,2.5,2.5
09.10.2015 22:02:41,HSE,4,1,1,3,3,2,3,3,3,3,60.0,3.0,26,Mann,3,5.0,ja,5.0,im Schnitt mehrfach pro Tag,NA,NA,2.6,2.6
10.10.2015 07:47:26,REA,3,4,1,3,2,3,2,1,2,1,NA,2.0,25,Mann,3,15.0,ja,1.0,im Schnitt 1 Mal pro Tag,NA,NA,2.2,2.2
10.10.2015 09:27:46,WTF,4,2,2,4,4,1,3,3,4,4,NA,1.0,30,Mann,4,6.0,ja,4.0,im Schnitt mehrfach pro Tag,NA,NA,3.1,3.1
10.10.2015 09:32:01,Cori,4,1,2,4,4,2,3,3,3,2,319.0,5.0,24,Frau,3,NA,ja,10.0,Ich habe keinen Kundenkontakt,NA,NA,2.8,2.8
10.10.2015 09:40:55,MFA,4,1,2,3,4,2,4,3,4,3,635.0,3.0,25,Frau,4,1.0,ja,10.0,im Schnitt mehrfach pro Tag,NA,NA,3.0,3.0
15.10.2015 15:40:23,WAE,2,2,1,3,2,3,2,2,3,1,NA,1.0,43,Mann,3,10.0,nein,2.0,im Schnitt 1 Mal pro Tag,NA,NA,2.1,2.1
22.10.2015 19:45:24,MWM,3,1,2,4,3,1,4,2,4,3,234.0,3.0,30,Mann,3,NA,NA,30.0,im Schnitt mehrfach pro Tag,NA,NA,2.7,2.7
25.10.2015 14:36:11,WUB,4,2,1,4,4,3,4,3,3,3,520.0,10.0,26,Frau,4,2.0,ja,26.0,im Schnitt 1 Mal pro Tag,NA,NA,3.1,3.1
02.11.2015 20:49:58,EGH,4,2,2,4,3,2,3,3,4,4,228.0,0.0,32,Frau,4,5.0,nein,15.0,im Schnitt 1 Mal pro Tag,NA,NA,3.1,3.1
18.11.2015 16:30:52,mzr,1,4,3,3,1,3,2,1,1,4,NA,0.0,45,Mann,1,45.0,ja,0.0,im Schnitt 1 Mal pro Monat,NA,NA,2.3,2.3
02.12.2015 16:15:52,BMM,3,3,1,2,2,4,3,1,2,2,NA,4.0,23,Mann,3,30.0,nein,7.0,im Schnitt 1 Mal pro Monat,NA,NA,2.3,2.3
03.12.2015 14:29:09,GKM,4,2,1,4,3,2,4,3,4,2,360.0,10.0,21,Frau,2,30.0,nein,30.0,im Schnitt mehrfach pro Tag,NA,NA,2.9,2.9
03.12.2015 19:34:45,shm,3,1,1,3,3,3,2,2,4,2,315.0,0.0,24,Frau,2,45.0,nein,3.0,3 Mal pro Woche,NA,NA,2.4,2.4
04.12.2015 15:40:50,FHM,3,1,2,3,4,2,3,2,4,2,NA,0.0,22,Mann,3,30.0,nein,5.0,100,NA,NA,2.6,2.6
05.12.2015 11:11:57,kbf,4,2,2,4,2,2,2,3,3,1,629.0,18.0,21,Frau,4,30.0,ja,34.0,im Schnitt mehrfach pro Tag,NA,NA,2.5,2.5
05.12.2015 15:30:27,JMM,4,2,2,2,3,2,2,4,4,1,391.0,6.0,21,Frau,3,30.0,nein,50.0,im Schnitt 1 Mal pro Tag,NA,NA,2.6,2.6
09.12.2015 17:20:52,kcw,4,1,3,4,4,1,4,3,3,3,NA,153.0,38,Mann,NA,1.0,ja,4.0,im Schnitt 1 Mal pro Monat,NA,NA,3.0,3.0
15.12.2015 15:00:16,WKR,4,1,3,3,3,1,4,4,4,1,120.0,1.0,28,Frau,4,10.0,nein,6.0,im Schnitt mehrfach pro Tag,NA,NA,2.8,2.8
01.01.2016 18:16:00,HKK,4,1,3,4,4,1,3,3,3,3,250.0,0.0,45,Frau,4,5.0,ja,6.0,im Schnitt mehrfach pro Tag,NA,NA,2.9,2.9
19.01.2016 19:43:52,GGM,3,2,3,2,2,4,2,2,3,1,350.0,2.0,23,Frau,3,45.0,nein,4.0,im Schnitt mehrfach pro Tag,NA,NA,2.4,2.4
01.02.2016 17:50:10,EUL,3,2,1,4,4,2,4,3,3,4,600.0,10.0,26,Mann,4,3.0,ja,10.0,im Schnitt mehrfach pro Tag,NA,NA,3.0,3.0
02.02.2016 19:44:07,VEB,3,3,2,3,3,2,2,3,2,4,NA,0.0,31,Frau,4,10.0,nein,0.0,im Schnitt 1 Mal pro Woche,NA,NA,2.7,2.7
02.02.2016 20:42:15,PZC,4,3,3,3,3,2,4,4,4,2,550.0,2.0,27,Mann,4,30.0,ja,10.0,im Schnitt mehrfach pro Tag,NA,NA,3.2,3.2
03.02.2016 13:51:55,GAH,4,1,3,4,3,3,4,3,4,3,NA,3.0,32,Mann,3,5.0,ja,5.0,im Schnitt mehrfach pro Tag,NA,NA,3.2,3.2
04.02.2016 18:45:42,BTL,4,2,1,4,3,2,3,4,3,3,155.0,3.0,26,Frau,3,2.0,nein,3.0,im Schnitt mehrfach pro Tag,NA,NA,2.9,2.9
08.02.2016 13:17:36,MBG,3,2,1,4,4,3,3,3,3,2,140.0,0.0,45,Frau,3,10.0,ja,5.0,im Schnitt mehrfach pro Tag,NA,NA,2.8,2.8
29.02.2016 11:23:12,MKG,4,2,2,4,4,1,4,2,4,4,NA,1.0,32,Frau,3,10.0,ja,6.0,im Schnitt 1 Mal pro Tag,passt insgesamt,3,3.1,3.1
03.03.2016 15:33:23,NA,3,2,2,2,2,2,3,2,3,1,250.0,1.0,24,Frau,1,NA,nein,6.0,im Schnitt 1 Mal pro Quartal (oder weniger),keine Antwort,6,2.2,2.2
03.03.2016 15:33:29,FBR,3,2,3,4,3,2,2,2,3,2,294.0,2.0,28,Frau,3,27.0,ja,1.0,im Schnitt mehrfach pro Tag,passt insgesamt nicht,4,2.6,2.6
03.03.2016 15:34:44,CZP,4,2,3,4,4,1,3,3,3,2,600.0,0.0,24,Frau,3,NA,nein,30.0,im Schnitt mehrfach pro Tag,passt insgesamt,3,2.9,2.9
03.03.2016 15:34:46,NA,4,2,3,3,3,1,3,4,4,4,500.0,0.0,20,Frau,3,7.0,nein,4.0,im Schnitt mehrfach pro Tag,passt insgesamt,3,3.1,3.1
03.03.2016 15:34:53,ism,4,1,2,4,4,2,3,3,3,2,300.0,0.0,20,Frau,3,30.0,nein,5.0,im Schnitt 1 Mal pro Monat,keine Antwort,3,2.8,2.8
03.03.2016 15:35:02,Asm,4,2,3,4,3,2,4,3,4,3,350.0,10.0,23,Frau,3,15.0,nein,20.0,im Schnitt mehrfach pro Tag,passt insgesamt,3,3.2,3.2
03.03.2016 15:35:08,TPF,3,2,1,3,3,1,3,4,4,2,608.0,2.0,24,Frau,2,10.0,nein,30.0,im Schnitt mehrfach pro Tag,passt insgesamt,5,2.6,2.6
03.03.2016 15:35:15,Oam,2,3,3,3,3,3,1,3,1,2,NA,6.0,24,Mann,3,15.0,nein,6.0,im Schnitt 1 Mal pro Woche,passt insgesamt nicht,4,2.4,2.4
03.03.2016 15:35:28,AEM,3,2,1,4,4,2,3,3,3,2,500.0,10.0,21,Frau,3,10.0,nein,5.0,ich arbeite ncht,keine Antwort,6,2.7,2.7
03.03.2016 15:35:32,NA,4,2,2,3,3,2,3,3,4,1,521.0,12.0,25,Frau,2,10.0,ja,12.0,im Schnitt mehrfach pro Tag,passt insgesamt,5,2.7,2.7
03.03.2016 15:35:34,JMM,3,2,1,3,3,2,3,4,3,3,280.0,12.0,23,Frau,2,10.0,nein,30.0,im Schnitt mehrfach pro Tag,passt insgesamt,4,2.7,2.7
03.03.2016 15:35:57,MKW,4,1,1,3,2,1,2,4,4,2,250.0,12.0,22,Frau,2,10.0,nein,12.0,im Schnitt 1 Mal pro Quartal (oder weniger),passt insgesamt,6,2.4,2.4
03.03.2016 15:36:00,AWP,3,2,1,4,4,2,3,4,3,3,120.0,20.0,23,Frau,4,15.0,nein,22.0,im Schnitt 1 Mal pro Quartal (oder weniger),keine Antwort,2,2.9,2.9
03.03.2016 15:36:08,Wwm,4,1,3,3,4,1,3,3,4,2,606.0,1.0,21,Frau,3,1.0,nein,5.0,im Schnitt 1 Mal pro Tag,keine Antwort,3,2.8,2.8
03.03.2016 15:36:12,obs,3,1,2,4,4,1,2,3,3,2,510.0,3.0,22,Frau,3,5.0,ja,15.0,im Schnitt mehrfach pro Tag,keine Antwort,5,2.5,2.5
03.03.2016 15:36:14,NA,3,1,4,4,3,2,4,3,3,3,600.0,25.0,22,Mann,4,1.0,ja,40.0,im Schnitt mehrfach pro Tag,passt insgesamt,2,3.0,3.0
03.03.2016 15:36:15,NA,3,1,1,2,2,1,2,4,2,2,NA,NA,23,Mann,2,1.0,nein,48.0,im Schnitt mehrfach pro Tag,passt insgesamt nicht,8,2.0,2.0
03.03.2016 15:36:25,NA,4,1,2,3,3,1,4,4,3,2,500.0,40.0,22,Mann,3,5.0,nein,40.0,im Schnitt 1 Mal pro Tag,passt insgesamt,6,2.7,2.7
03.03.2016 15:36:26,MSG,4,1,3,3,3,2,3,3,4,2,719.0,8.0,24,Frau,3,10.0,nein,25.0,im Schnitt 1 Mal pro Woche,passt insgesamt,2,2.8,2.8
03.03.2016 15:36:30,KBP,4,1,3,NA,4,2,3,3,3,2,250.0,10.0,28,Frau,3,15.0,nein,20.0,im Schnitt 1 Mal pro Monat,passt insgesamt,4,NA,NA
03.03.2016 15:36:34,CPS,4,1,2,3,3,2,2,2,3,1,100.0,3.0,21,Frau,2,15.0,nein,15.0,im Schnitt 1 Mal pro Tag,keine Antwort,5,2.3,2.3
03.03.2016 15:36:38,ala,4,2,3,3,2,1,NA,4,4,3,500.0,10.0,21,Frau,2,10.0,ja,60.0,im Schnitt mehrfach pro Tag,passt insgesamt,3,NA,NA
03.03.2016 15:36:39,MGI,3,2,3,3,3,2,3,4,4,1,NA,NA,25,Frau,2,10.0,nein,30.0,im Schnitt mehrfach pro Tag,keine Antwort,10,2.8,2.8
03.03.2016 15:36:43,APW,2,3,1,4,3,3,3,3,2,2,NA,15.0,30,Frau,3,30.0,nein,24.0,im Schnitt mehrfach pro Tag,passt insgesamt nicht,5,2.6,2.6
03.03.2016 15:36:48,NA,3,2,3,2,2,3,3,4,4,2,350.0,40.0,21,Mann,2,3.0,nein,50.0,im Schnitt 1 Mal pro Monat,passt insgesamt,5,2.8,2.8
03.03.2016 15:36:50,GFM,3,2,4,3,3,2,3,4,4,2,500.0,4.0,24,Frau,3,NA,nein,15.0,im Schnitt mehrfach pro Tag,passt insgesamt,3,3.0,3.0
03.03.2016 15:36:52,NA,3,2,1,4,3,2,4,3,3,3,NA,1.0,42,Frau,3,10.0,nein,NA,im Schnitt 1 Mal pro Quartal (oder weniger),passt insgesamt,3,2.8,2.8
03.03.2016 15:36:58,TPM,4,2,2,3,3,2,3,3,4,1,250.0,NA,21,Frau,2,10.0,nein,10.0,im Schnitt mehrfach pro Tag,keine Antwort,6,2.7,2.7
03.03.2016 15:37:01,LBB,1,4,3,1,2,4,2,2,1,3,300.0,10.0,23,Frau,2,5.0,nein,10.0,im Schnitt mehrfach pro Tag,passt insgesamt,3,2.3,2.3
03.03.2016 15:37:03,PSA,4,1,2,4,2,1,2,3,3,1,200.0,10.0,22,Frau,2,NA,nein,17.0,im Schnitt 1 Mal pro Woche,keine Antwort,7,2.3,2.3
03.03.2016 15:37:10,MEF,3,2,2,4,4,3,4,2,3,3,397.0,8.0,22,Mann,4,5.0,nein,10.0,im Schnitt 1 Mal pro Woche,keine Antwort,5,3.0,3.0
03.03.2016 15:37:10,CBF,4,1,2,3,3,1,3,3,3,1,233.0,0.0,23,Frau,2,3.0,nein,12.0,im Schnitt mehrfach pro Tag,keine Antwort,4,2.4,2.4
03.03.2016 15:37:11,jda,3,3,1,3,1,4,2,3,4,1,100.0,0.0,22,Frau,1,60.0,nein,10.0,im Schnitt mehrfach pro Tag,passt insgesamt nicht,7,2.5,2.5
03.03.2016 15:37:13,pcg,4,1,1,4,4,1,4,3,4,3,NA,10.0,21,Frau,4,1.0,nein,5.0,NA,passt insgesamt,2,2.9,2.9
03.03.2016 15:38:13,NA,3,2,4,2,2,3,4,4,4,2,480.0,106.0,24,Mann,2,15.0,ja,150.0,im Schnitt mehrfach pro Tag,passt insgesamt,7,3.0,3.0
03.03.2016 15:38:15,FWD,3,2,2,4,4,2,3,3,3,3,400.0,8.0,25,Mann,3,5.0,ja,18.0,im Schnitt mehrfach pro Tag,keine Antwort,3,2.9,2.9
03.03.2016 15:38:40,NA,3,2,2,3,3,2,3,4,4,2,519.0,4.0,22,Frau,3,5.0,nein,10.0,im Schnitt 1 Mal pro Tag,passt insgesamt,3,2.8,2.8
03.03.2016 15:39:31,NA,3,1,4,4,3,1,3,4,3,2,700.0,100.0,25,Mann,3,NA,ja,150.0,im Schnitt mehrfach pro Tag,passt insgesamt,3,2.8,2.8
03.03.2016 15:42:25,FWD,4,2,3,4,4,1,4,4,4,3,230.0,0.0,20,Frau,4,5.0,ja,20.0,im Schnitt mehrfach pro Tag,passt insgesamt,2,3.3,3.3
03.03.2016 20:10:44,NA,3,3,2,3,2,3,3,1,3,2,300.0,4.0,28,Mann,3,10.0,nein,2.0,im Schnitt 1 Mal pro Woche,passt insgesamt nicht,5,2.5,2.5
04.03.2016 11:35:22,DDP,3,2,1,3,3,2,3,2,4,1,214.0,3.0,24,Frau,2,60.0,nein,10.0,im Schnitt mehrfach pro Tag,passt insgesamt nicht,6,2.4,2.4
05.03.2016 09:45:51,NA,1,2,1,3,1,3,2,2,3,2,64.0,2.0,28,Frau,2,12.0,nein,10.0,im Schnitt 1 Mal pro Woche,passt insgesamt nicht,5,2.0,2.0
05.03.2016 09:54:07,HDE,3,3,1,2,2,4,3,1,3,1,NA,0.0,25,Mann,3,5.0,ja,10.0,im Schnitt 1 Mal pro Woche,passt insgesamt,7,2.3,2.3
05.03.2016 09:55:14,NA,3,2,4,2,2,3,4,4,4,2,480.0,106.0,24,Mann,2,15.0,ja,150.0,im Schnitt mehrfach pro Tag,passt insgesamt,7,3.0,3.0
06.03.2016 12:28:29,JKF,3,2,1,3,3,2,2,2,4,2,3.0,5.0,34,Frau,3,10.0,nein,2.0,im Schnitt mehrfach pro Tag,passt insgesamt,2,2.4,2.4
06.03.2016 14:38:53,HEL,3,2,1,3,3,2,3,3,3,1,NA,NA,40,Mann,1,NA,ja,NA,im Schnitt 1 Mal pro Tag,passt insgesamt nicht,NA,2.4,2.4
06.03.2016 23:25:24,ABM,2,1,3,3,3,2,3,3,3,2,350.0,2.0,25,Frau,3,5.0,ja,20.0,im Schnitt mehrfach pro Tag,passt insgesamt,3,2.5,2.5
07.03.2016 19:14:19,NA,4,1,2,4,4,2,4,4,4,2,300.0,4.0,22,Frau,4,5.0,ja,20.0,im Schnitt 1 Mal pro Woche,passt insgesamt,2,3.1,3.1
07.03.2016 19:14:35,NA,3,2,1,4,4,2,4,4,3,3,500.0,15.0,22,Mann,4,2.0,ja,12.0,im Schnitt mehrfach pro Tag,passt insgesamt,2,3.0,3.0
07.03.2016 19:14:37,NTD,4,3,3,4,4,1,4,4,4,2,900.0,0.0,22,Mann,3,5.0,ja,10.0,im Schnitt mehrfach pro Tag,passt insgesamt,4,3.3,3.3
07.03.2016 19:14:45,DBL,4,2,4,4,3,1,3,2,2,3,250.0,5.0,25,Mann,3,15.0,nein,5.0,im Schnitt mehrfach pro Tag,keine Antwort,4,2.8,2.8
07.03.2016 19:14:45,HWH,4,1,2,4,4,1,3,2,4,2,NA,2.0,23,Frau,4,5.0,ja,4.0,im Schnitt 1 Mal pro Woche,passt insgesamt,2,2.7,2.7
07.03.2016 19:15:13,SMD,3,3,1,2,2,3,4,1,4,2,NA,0.0,24,Mann,3,10.0,ja,5.0,im Schnitt mehrfach pro Tag,passt insgesamt,3,2.5,2.5
07.03.2016 19:15:14,NA,2,1,1,4,3,2,3,2,4,3,350.0,1.0,22,Frau,3,10.0,nein,5.0,im Schnitt mehrfach pro Tag,passt insgesamt,1,2.5,2.5
07.03.2016 19:15:18,MKB,4,2,2,3,3,3,3,3,4,2,788.0,3.0,26,Frau,3,2.0,nein,15.0,im Schnitt mehrfach pro Tag,passt insgesamt,2,2.9,2.9
07.03.2016 19:15:22,VHD,4,1,3,4,4,1,3,4,4,3,600.0,8.0,25,Frau,4,10.0,ja,30.0,im Schnitt mehrfach pro Tag,passt insgesamt,2,3.1,3.1
07.03.2016 19:15:23,NA,3,2,1,3,3,2,2,3,4,3,25.0,1.0,27,Frau,3,5.0,nein,1.0,im Schnitt mehrfach pro Tag,passt insgesamt nicht,3,2.6,2.6
07.03.2016 19:15:27,MNA,3,2,3,3,3,2,2,3,3,2,1013.0,5.0,22,Frau,2,20.0,nein,10.0,im Schnitt 1 Mal pro Woche,passt insgesamt,3,2.6,2.6
07.03.2016 19:15:48,JPE,3,2,3,3,2,1,3,4,4,2,500.0,70.0,24,Mann,3,10.0,ja,80.0,im Schnitt mehrfach pro Tag,passt insgesamt,2,2.7,2.7
07.03.2016 19:15:49,CAF,3,1,3,4,4,1,2,3,3,3,NA,10.0,24,Frau,4,20.0,ja,20.0,im Schnitt mehrfach pro Tag,passt insgesamt,1,2.7,2.7
07.03.2016 19:15:49,LTA,4,2,1,4,3,2,3,3,3,2,647.0,2.0,22,Frau,3,5.0,nein,15.0,im Schnitt mehrfach pro Tag,passt insgesamt,2,2.7,2.7
07.03.2016 19:15:55,NA,4,1,2,4,3,1,3,3,4,2,NA,3.0,23,Frau,4,15.0,nein,10.0,im Schnitt mehrfach pro Tag,keine Antwort,2,2.7,2.7
07.03.2016 19:16:04,LTA,4,2,1,4,3,2,3,3,3,2,647.0,2.0,22,Frau,3,5.0,nein,15.0,im Schnitt mehrfach pro Tag,passt insgesamt,2,2.7,2.7
07.03.2016 19:16:40,CMH,4,2,2,4,4,2,4,4,4,4,NA,3.0,28,Mann,4,1.0,ja,25.0,im Schnitt mehrfach pro Tag,passt insgesamt,2,3.4,3.4
07.03.2016 19:17:02,AED,3,2,1,2,2,2,2,3,2,1,100.0,NA,25,Frau,2,NA,nein,NA,im Schnitt mehrfach pro Tag,passt insgesamt nicht,4,2.0,2.0
07.03.2016 19:17:49,NA,4,1,2,3,3,1,3,4,4,2,0.0,15.0,23,Mann,2,15.0,nein,20.0,im Schnitt 1 Mal pro Tag,passt insgesamt nicht,4,2.7,2.7
07.03.2016 19:17:53,NA,3,2,1,3,4,2,3,3,3,2,228.0,6.0,23,Frau,4,15.0,nein,12.0,im Schnitt 1 Mal pro Monat,passt insgesamt,NA,2.6,2.6
07.03.2016 19:18:32,mzz,3,2,1,3,3,2,3,4,3,2,NA,0.0,25,Frau,3,5.0,nein,5.0,im Schnitt 1 Mal pro Tag,passt insgesamt,3,2.6,2.6
07.03.2016 20:30:21,HWH,4,1,2,4,4,1,3,2,4,2,NA,2.0,23,Frau,4,5.0,ja,4.0,im Schnitt 1 Mal pro Woche,passt insgesamt,2,2.7,2.7
08.03.2016 07:35:21,NA,3,2,4,2,2,3,4,4,4,2,480.0,106.0,24,Mann,2,15.0,ja,150.0,im Schnitt mehrfach pro Tag,passt insgesamt,NA,3.0,3.0
08.03.2016 13:03:10,AKL,3,2,2,3,3,2,3,3,4,2,425.0,80.0,23,Mann,2,NA,ja,100.0,im Schnitt mehrfach pro Tag,NA,5,2.7,2.7
08.03.2016 13:04:12,NA,3,2,1,3,4,2,3,3,3,1,NA,12.0,28,Mann,NA,20.0,ja,12.0,im Schnitt 1 Mal pro Woche,passt insgesamt,NA,2.5,2.5
08.03.2016 13:05:16,FFU,4,2,2,3,3,2,3,3,4,3,650.0,15.0,20,Mann,2,NA,ja,30.0,im Schnitt mehrfach pro Tag,keine Antwort,2,2.9,2.9
08.03.2016 13:06:55,RSR,4,1,2,4,4,1,4,4,4,2,NA,70.0,23,Mann,4,NA,ja,90.0,im Schnitt mehrfach pro Tag,passt insgesamt,NA,3.0,3.0
08.03.2016 13:06:59,UBG,3,1,3,3,3,1,3,3,2,2,563.0,40.0,25,Mann,3,NA,ja,40.0,im Schnitt mehrfach pro Tag,passt insgesamt,2,2.4,2.4
08.03.2016 13:07:00,TAI,3,2,3,3,2,2,3,3,3,2,436.0,40.0,25,Mann,3,NA,ja,10.0,im Schnitt 1 Mal pro Quartal (oder weniger),passt insgesamt,3,2.6,2.6
08.03.2016 13:07:01,CKH,3,2,2,2,2,2,2,2,4,1,400.0,0.0,24,Frau,2,5.0,nein,4.0,im Schnitt mehrfach pro Tag,passt insgesamt nicht,4,2.2,2.2
08.03.2016 13:07:13,DWW,4,1,3,4,3,2,3,3,3,4,350.0,24.0,24,Mann,3,10.0,nein,10.0,im Schnitt 1 Mal pro Woche,passt insgesamt,2,3.0,3.0
08.03.2016 13:07:21,FBB,4,2,1,4,3,2,3,3,4,3,250.0,9.0,23,Mann,3,NA,ja,NA,im Schnitt 1 Mal pro Tag,passt insgesamt,3,2.9,2.9
08.03.2016 13:07:21,SPK,3,1,1,2,2,3,3,2,1,1,35.0,0.0,22,Frau,1,NA,nein,4.0,im Schnitt 1 Mal pro Woche,passt insgesamt,6,1.9,1.9
08.03.2016 13:07:48,Per,3,2,3,2,3,2,2,3,3,2,NA,NA,24,Frau,2,NA,ja,NA,im Schnitt mehrfach pro Tag,keine Antwort,3,2.5,2.5
08.03.2016 13:08:44,wbt,2,3,2,3,3,2,3,2,2,2,NA,1.0,37,Frau,3,10.0,nein,5.0,NA,keine Antwort,4,2.4,2.4
08.03.2016 21:57:52,HKG,4,1,2,3,3,2,3,4,4,2,350.0,30.0,30,Frau,3,10.0,ja,20.0,im Schnitt mehrfach pro Tag,passt insgesamt,2,2.8,2.8
09.03.2016 17:23:42,PDG,4,2,3,4,3,2,4,2,3,2,150.0,2.0,22,Mann,3,40.0,ja,2.0,im Schnitt mehrfach pro Tag,keine Antwort,3,2.9,2.9
09.03.2016 18:29:10,MSM,3,2,4,3,3,2,2,3,3,1,625.0,9.0,23,Frau,1,10.0,nein,48.0,im Schnitt 1 Mal pro Quartal (oder weniger),keine Antwort,4,2.6,2.6
09.03.2016 20:32:20,NA,4,2,3,4,3,2,2,2,3,2,80.0,0.0,37,Frau,1,50.0,nein,3.0,im Schnitt mehrfach pro Tag,passt insgesamt nicht,5,2.7,2.7
09.03.2016 21:46:08,RNC,3,1,1,3,2,2,3,2,2,1,NA,1.0,25,Frau,2,45.0,nein,3.0,im Schnitt 1 Mal pro Tag,keine Antwort,4,2.0,2.0
10.03.2016 21:04:10,JMF,3,2,1,3,2,2,3,2,4,2,NA,1.0,29,Mann,2,5.0,ja,10.0,im Schnitt mehrfach pro Tag,keine Antwort,4,2.4,2.4
10.03.2016 21:04:34,JGW,4,1,1,3,3,2,3,3,3,2,215.0,1.0,28,Frau,2,15.0,nein,10.0,im Schnitt mehrfach pro Tag,keine Antwort,4,2.5,2.5
10.03.2016 22:11:50,ALV,3,3,4,3,2,2,4,3,4,3,157.0,10.0,24,Frau,3,NA,ja,20.0,im Schnitt mehrfach pro Tag,passt insgesamt,3,3.1,3.1
11.03.2016 20:01:45,NA,1,2,1,4,4,2,4,3,4,4,700.0,2.0,25,Frau,4,5.0,ja,5.0,im Schnitt mehrfach pro Tag,passt insgesamt,1,2.9,2.9
11.03.2016 20:02:17,KNB,4,1,2,4,4,2,4,4,4,3,300.0,3.0,21,Frau,4,1.0,ja,15.0,im Schnitt mehrfach pro Tag,keine Antwort,1,3.2,3.2
11.03.2016 20:02:41,RSL,3,1,2,4,3,1,3,3,4,4,250.0,0.0,23,Frau,3,3.0,ja,15.0,im Schnitt 1 Mal pro Woche,passt insgesamt,2,2.8,2.8
11.03.2016 20:02:42,JKL,4,1,4,4,4,1,3,4,4,4,600.0,6.0,21,Frau,3,5.0,ja,45.0,im Schnitt 1 Mal pro Tag,passt insgesamt,1,3.3,3.3
11.03.2016 20:02:43,JWW,4,1,1,4,4,1,4,2,3,3,300.0,1.0,23,Frau,3,15.0,ja,3.0,im Schnitt 1 Mal pro Tag,passt insgesamt,1,2.7,2.7
11.03.2016 20:02:57,GKF,4,1,4,3,3,2,3,4,4,1,300.0,5.0,21,Frau,1,60.0,nein,30.0,im Schnitt 1 Mal pro Quartal (oder weniger),passt insgesamt nicht,5,2.9,2.9
11.03.2016 20:03:10,DGM,3,3,3,2,3,3,3,2,2,2,400.0,10.0,35,Mann,1,20.0,ja,10.0,im Schnitt 1 Mal pro Woche,passt insgesamt nicht,3,2.6,2.6
11.03.2016 20:03:12,Jwa,3,2,2,3,3,2,3,3,4,3,91.0,2.0,24,Frau,3,10.0,ja,10.0,im Schnitt 1 Mal pro Woche,passt insgesamt,3,2.8,2.8
11.03.2016 20:03:32,NA,3,2,2,3,3,2,3,3,3,3,300.0,4.0,25,Frau,3,3.0,ja,10.0,im Schnitt 1 Mal pro Woche,passt insgesamt,2,2.7,2.7
11.03.2016 20:03:49,NA,4,1,1,4,3,1,2,3,4,2,150.0,5.0,24,Frau,3,180.0,ja,10.0,im Schnitt mehrfach pro Tag,keine Antwort,1,2.5,2.5
11.03.2016 20:03:54,CLM,4,2,1,4,4,1,4,4,4,2,350.0,4.0,24,Frau,3,3.0,ja,12.0,im Schnitt 1 Mal pro Tag,passt insgesamt,2,3.0,3.0
11.03.2016 20:03:57,WSW,3,2,1,3,3,3,3,3,3,1,90.0,2.0,34,Frau,3,30.0,nein,24.0,im Schnitt mehrfach pro Tag,passt insgesamt,3,2.5,2.5
11.03.2016 20:04:03,NA,4,2,1,3,2,2,3,4,4,2,178.0,5.0,33,Mann,2,15.0,nein,20.0,im Schnitt mehrfach pro Tag,passt insgesamt,2,2.7,2.7
11.03.2016 20:04:09,KEI,4,1,1,3,3,2,2,3,3,1,200.0,4.0,29,Frau,2,20.0,nein,12.0,im Schnitt 1 Mal pro Tag,passt insgesamt nicht,3,2.3,2.3
11.03.2016 20:04:28,RPB,3,1,1,3,3,2,2,3,3,2,NA,2.0,38,Frau,3,5.0,nein,2.0,im Schnitt 1 Mal pro Tag,passt insgesamt,3,2.3,2.3
11.03.2016 20:04:29,EKM,4,1,1,4,3,1,3,3,3,2,450.0,6.0,23,NA,3,5.0,nein,24.0,im Schnitt 1 Mal pro Woche,keine Antwort,2,2.5,2.5
11.03.2016 20:04:29,HFF,4,2,2,4,4,2,3,3,3,3,35.0,1.0,33,Mann,4,30.0,ja,5.0,im Schnitt mehrfach pro Tag,passt insgesamt,1,3.0,3.0
11.03.2016 20:04:47,SPB,3,2,3,3,3,3,4,3,3,2,200.0,5.0,29,Frau,4,15.0,nein,20.0,im Schnitt mehrfach pro Tag,passt insgesamt,1,2.9,2.9
11.03.2016 20:04:58,gam,4,1,2,3,2,2,4,4,4,1,250.0,2.0,26,Frau,2,3.0,nein,30.0,im Schnitt mehrfach pro Tag,passt insgesamt nicht,5,2.7,2.7
11.03.2016 20:05:09,DRR,3,2,1,3,3,2,2,3,3,2,NA,3.0,37,Frau,2,35.0,nein,10.0,im Schnitt 1 Mal pro Woche,keine Antwort,4,2.4,2.4
11.03.2016 20:05:30,Shr,4,2,4,3,3,2,4,4,3,3,370.0,20.0,25,Frau,3,10.0,ja,25.0,im Schnitt mehrfach pro Tag,passt insgesamt,2,3.2,3.2
11.03.2016 20:05:36,YUM,4,1,1,3,3,2,2,2,3,1,100.0,3.0,25,Frau,2,15.0,nein,2.0,im Schnitt 1 Mal pro Woche,keine Antwort,4,2.2,2.2
11.03.2016 20:06:01,WKM,3,2,3,3,3,2,3,3,3,2,200.0,3.0,23,Frau,2,NA,nein,10.0,im Schnitt mehrfach pro Tag,passt insgesamt,5,2.7,2.7
12.03.2016 10:12:26,AAD,3,3,1,4,3,4,2,1,2,1,NA,0.0,19,Frau,1,20.0,nein,0.0,NA,passt insgesamt,6,2.4,2.4
14.03.2016 20:38:48,Rwe,3,2,1,3,3,2,4,3,4,4,NA,3.0,36,Mann,3,15.0,nein,20.0,im Schnitt 1 Mal pro Woche,keine Antwort,2,2.9,2.9
15.03.2016 07:39:10,NA,3,2,4,2,2,3,4,4,4,2,480.0,106.0,24,Mann,2,15.0,ja,150.0,im Schnitt mehrfach pro Tag,passt insgesamt,NA,3.0,3.0
15.03.2016 17:37:25,RHF,3,2,3,3,3,1,3,2,4,1,NA,1.0,29,Frau,3,30.0,ja,10.0,im Schnitt mehrfach pro Tag,passt insgesamt nicht,4,2.5,2.5
17.03.2016 11:48:40,NA,3,2,1,3,3,3,3,3,3,2,555.0,10.0,22,Frau,2,15.0,nein,20.0,im Schnitt mehrfach pro Tag,passt insgesamt nicht,4,2.6,2.6
17.03.2016 13:15:39,JAD,4,1,2,4,3,3,2,4,4,2,NA,12.0,33,Frau,2,30.0,nein,24.0,im Schnitt mehrfach pro Tag,passt insgesamt nicht,4,2.9,2.9
19.03.2016 13:33:17,NA,4,1,1,4,4,1,3,4,4,4,NA,5.0,32,Frau,4,5.0,ja,30.0,im Schnitt 1 Mal pro Woche,passt insgesamt,1,3.0,3.0
19.03.2016 14:43:08,HMD,3,1,1,3,4,1,3,4,3,3,150.0,0.0,39,Mann,4,1.0,ja,12.0,im Schnitt 1 Mal pro Quartal (oder weniger),passt insgesamt,2,2.6,2.6
19.03.2016 14:43:13,SKS,2,3,1,2,2,3,3,2,3,2,NA,NA,31,Frau,3,10.0,ja,4.0,im Schnitt mehrfach pro Tag,passt insgesamt,2,2.3,2.3
19.03.2016 15:01:13,RBL,4,1,1,4,4,1,3,3,3,3,NA,0.0,42,Mann,3,10.0,ja,5.0,im Schnitt 1 Mal pro Woche,passt insgesamt,1,2.7,2.7
19.03.2016 17:11:55,MKH,4,3,2,4,4,2,3,4,3,1,400.0,4.0,25,Frau,3,1.0,ja,15.0,im Schnitt 1 Mal pro Monat,passt insgesamt,2,3.0,3.0
20.03.2016 21:58:30,WAP,3,3,1,2,3,2,2,1,2,1,300.0,0.0,19,Mann,2,30.0,ja,1.0,NA,passt insgesamt,4,2.0,2.0
21.03.2016 14:46:17,JNM,4,1,1,4,3,2,3,4,4,3,800.0,3.0,22,Frau,3,15.0,ja,18.0,im Schnitt 1 Mal pro Woche,passt insgesamt,3,2.9,2.9
21.03.2016 14:46:19,MSL,4,1,2,3,3,1,3,4,4,2,1200.0,5.0,20,Frau,NA,15.0,nein,30.0,NA,passt insgesamt,3,2.7,2.7
21.03.2016 14:51:48,tpb,2,4,1,2,2,4,3,3,4,1,40.0,0.0,18,Frau,2,5.0,ja,6.0,NA,NA,5,2.6,2.6
21.03.2016 14:52:43,NA,3,4,2,3,3,3,4,2,3,2,500.0,5.0,20,Mann,3,20.0,nein,15.0,im Schnitt 1 Mal pro Woche,passt insgesamt nicht,4,2.9,2.9
21.03.2016 14:53:19,MBU,3,2,4,3,3,2,3,4,4,3,500.0,10.0,18,NA,2,30.0,nein,30.0,im Schnitt 1 Mal pro Woche,passt insgesamt,2,3.1,3.1
21.03.2016 14:53:30,WKM,3,2,1,3,2,3,2,1,3,1,200.0,0.0,19,Frau,1,5.0,nein,1.0,NA,keine Antwort,4,2.1,2.1
21.03.2016 14:53:58,NA,2,4,2,3,3,4,2,1,4,1,300.0,4.0,27,Mann,3,30.0,ja,2.0,im Schnitt 1 Mal pro Quartal (oder weniger),passt insgesamt nicht,5,2.6,2.6
21.03.2016 14:54:29,NA,4,3,1,3,4,2,3,4,4,2,180.0,6.0,20,Mann,4,30.0,ja,20.0,im Schnitt 1 Mal pro Woche,passt insgesamt,3,3.0,3.0
21.03.2016 14:54:30,KKO,4,2,2,3,3,2,3,3,4,3,477.0,3.0,18,Frau,2,5.0,nein,37.0,im Schnitt 1 Mal pro Woche,keine Antwort,2,2.9,2.9
21.03.2016 14:54:44,NA,3,3,1,3,3,2,2,2,2,1,450.0,0.0,19,Frau,2,30.0,ja,10.0,im Schnitt 1 Mal pro Woche,passt insgesamt,4,2.2,2.2
21.03.2016 14:54:46,NA,3,3,1,4,4,1,3,3,4,2,60.0,1.0,26,Frau,2,NA,nein,3.0,im Schnitt 1 Mal pro Monat,passt insgesamt nicht,2,2.8,2.8
21.03.2016 14:54:57,NA,4,2,1,3,4,2,3,3,3,3,1200.0,10.0,20,Mann,4,5.0,nein,20.0,im Schnitt mehrfach pro Tag,passt insgesamt,2,2.8,2.8
21.03.2016 14:55:19,JTO,3,2,3,2,2,2,2,3,3,2,356.0,2.0,19,Frau,2,60.0,nein,25.0,NA,passt insgesamt nicht,4,2.4,2.4
21.03.2016 14:55:33,MSE,3,2,3,3,2,2,4,3,4,2,170.0,0.0,18,Frau,2,120.0,nein,10.0,im Schnitt 1 Mal pro Quartal (oder weniger),keine Antwort,2,2.8,2.8
21.03.2016 14:55:35,NA,3,1,3,4,3,1,3,3,3,2,1100.0,0.0,21,Mann,3,10.0,ja,7.0,NA,keine Antwort,3,2.6,2.6
21.03.2016 15:02:52,GPO,4,1,3,4,4,3,4,4,4,2,2222.0,6.0,18,Frau,3,2.0,ja,20.0,im Schnitt 1 Mal pro Woche,passt insgesamt,3,3.3,3.3
21.03.2016 15:21:09,TMM,3,1,3,4,4,2,4,3,4,4,800.0,10.0,20,Frau,3,10.0,ja,20.0,NA,passt insgesamt,2,3.2,3.2
21.03.2016 15:21:39,NA,3,2,1,4,2,3,4,4,2,2,200.0,50.0,24,Mann,3,5.0,ja,40.0,Nö,passt insgesamt,2,2.7,2.7
21.03.2016 15:21:44,HBM,3,3,3,2,2,3,2,3,3,2,341.0,3.0,19,Mann,2,30.0,nein,4.0,im Schnitt 1 Mal pro Woche,passt insgesamt,4,2.6,2.6
21.03.2016 15:21:50,NA,4,2,1,4,3,2,3,4,4,2,0.0,50.0,24,Mann,2,10.0,nein,50.0,im Schnitt 1 Mal pro Woche,passt insgesamt,3,2.9,2.9
21.03.2016 15:22:32,NA,4,1,3,3,4,2,3,4,3,4,618.0,50.0,20,Mann,2,10.0,nein,50.0,im Schnitt 1 Mal pro Quartal (oder weniger),passt insgesamt,1,3.1,3.1
21.03.2016 15:22:36,NA,4,2,2,4,4,2,4,4,4,3,326.0,40.0,22,Frau,3,5.0,ja,60.0,im Schnitt mehrfach pro Tag,passt insgesamt,2,3.3,3.3
21.03.2016 15:22:47,MHL,3,1,2,4,3,1,3,2,3,2,327.0,2.0,20,Mann,4,5.0,ja,2.0,im Schnitt 1 Mal pro Woche,passt insgesamt,3,2.4,2.4
21.03.2016 15:22:50,IPM,3,2,1,4,3,2,3,2,3,1,NA,0.0,20,Frau,2,10.0,nein,8.0,im Schnitt 1 Mal pro Tag,passt insgesamt nicht,3,2.4,2.4
21.03.2016 15:22:55,NA,3,2,4,3,3,2,3,4,4,3,876.0,30.0,20,Mann,3,5.0,nein,50.0,im Schnitt mehrfach pro Tag,passt insgesamt,2,3.1,3.1
21.03.2016 15:23:09,NA,3,3,1,3,3,2,3,3,3,3,25.0,30.0,19,Frau,3,5.0,nein,30.0,im Schnitt mehrfach pro Tag,keine Antwort,2,2.7,2.7
21.03.2016 15:23:34,UNF,4,2,1,3,3,2,4,4,4,3,150.0,40.0,19,Frau,2,7.0,nein,40.0,im Schnitt 1 Mal pro Monat,passt insgesamt nicht,5,3.0,3.0
21.03.2016 15:23:53,DGG,3,2,1,4,4,2,3,2,4,4,600.0,2.0,21,Mann,3,5.0,ja,12.0,im Schnitt mehrfach pro Tag,passt insgesamt,1,2.9,2.9
21.03.2016 15:24:04,GLM,3,2,1,2,2,2,1,4,3,1,NA,12.0,19,Frau,1,5.0,nein,35.0,NA,NA,3,2.1,2.1
21.03.2016 15:25:00,PKM,3,3,2,2,2,3,2,2,2,2,257.0,0.0,19,Frau,2,NA,ja,NA,NA,passt insgesamt nicht,3,2.3,2.3
21.03.2016 15:25:39,partymaus21,4,2,1,4,3,2,3,3,4,3,450.0,12.0,21,Frau,3,7.0,nein,30.0,im Schnitt 1 Mal pro Woche,keine Antwort,2,2.9,2.9
21.03.2016 15:26:32,Cfl,4,1,2,3,4,2,3,2,3,1,350.0,NA,20,Frau,3,2.0,nein,2.0,im Schnitt 1 Mal pro Quartal (oder weniger),passt insgesamt,2,2.5,2.5
21.03.2016 15:26:45,UWM,2,2,2,2,2,4,3,2,4,2,140.0,1.0,21,Frau,1,10.0,nein,8.0,im Schnitt mehrfach pro Tag,passt insgesamt,4,2.5,2.5
21.03.2016 15:27:03,tpp,4,1,2,3,4,1,3,4,4,4,618.0,50.0,20,Mann,3,NA,nein,NA,im Schnitt 1 Mal pro Quartal (oder weniger),passt insgesamt,1,3.0,3.0
21.03.2016 15:27:50,Theresa_Thess,4,1,2,4,4,3,4,4,4,3,327.0,40.0,22,Frau,3,5.0,ja,50.0,im Schnitt mehrfach pro Tag,passt insgesamt,2,3.3,3.3
21.03.2016 15:31:18,hmm,4,1,3,4,4,1,4,4,3,3,520.0,3.0,18,Frau,4,3.0,ja,33.0,im Schnitt 1 Mal pro Woche,keine Antwort,2,3.1,3.1
21.03.2016 15:32:38,GPM,4,1,3,4,3,1,2,4,4,2,320.0,10.0,21,Frau,3,10.0,nein,30.0,im Schnitt 1 Mal pro Woche,passt insgesamt,2,2.8,2.8
21.03.2016 18:37:49,HKB,3,3,1,3,3,3,2,1,3,4,NA,0.0,54,Mann,3,7.0,ja,0.0,im Schnitt mehrfach pro Tag,passt insgesamt,3,2.6,2.6
21.03.2016 22:25:11,GPO,4,1,3,4,4,3,4,4,4,2,2222.0,6.0,18,Frau,3,2.0,ja,20.0,im Schnitt 1 Mal pro Woche,passt insgesamt,3,3.3,3.3
21.03.2016 22:53:51,HMM,4,2,1,4,3,2,4,3,4,1,NA,5.0,34,Frau,2,30.0,nein,5.0,im Schnitt 1 Mal pro Woche,keine Antwort,4,2.8,2.8
23.03.2016 09:59:36,MIB,2,4,4,1,1,4,1,2,1,2,385.0,2.0,24,Frau,4,5.0,ja,30.0,im Schnitt 1 Mal pro Woche,passt insgesamt,2,2.2,2.2
29.03.2016 10:19:54,BKF,3,1,3,4,3,2,3,3,4,2,100.0,2.0,23,Frau,3,10.0,ja,25.0,im Schnitt 1 Mal pro Woche,passt insgesamt,3,2.8,2.8
30.03.2016 14:06:32,LOL,3,1,1,4,4,2,4,4,4,4,875.0,50.0,20,Mann,4,3.0,nein,52.0,0,passt insgesamt,2,3.1,3.1
30.03.2016 14:06:51,KLÖ,3,3,3,3,3,3,2,2,2,3,NA,2.0,20,Mann,3,2.0,ja,4.0,im Schnitt 1 Mal pro Woche,passt insgesamt nicht,4,2.7,2.7
30.03.2016 14:07:23,NA,4,2,1,3,3,2,3,4,4,3,300.0,15.0,19,Frau,3,10.0,nein,17.0,im Schnitt 1 Mal pro Woche,passt insgesamt nicht,4,2.9,2.9
30.03.2016 14:07:30,NA,4,1,1,3,3,2,3,4,3,2,200.0,40.0,20,Mann,3,5.0,nein,40.0,im Schnitt 1 Mal pro Woche,keine Antwort,3,2.6,2.6
30.03.2016 14:07:41,JCW,4,2,2,3,4,2,3,4,4,3,454.0,8.0,31,Mann,3,5.0,ja,36.0,im Schnitt 1 Mal pro Woche,passt insgesamt,2,3.1,3.1
30.03.2016 14:08:14,RRS,4,2,2,4,4,2,2,3,4,3,300.0,3.0,19,Frau,3,10.0,ja,35.0,im Schnitt mehrfach pro Tag,passt insgesamt,2,3.0,3.0
30.03.2016 14:08:27,NA,4,1,1,3,3,2,3,3,3,2,250.0,48.0,21,Mann,2,5.0,nein,48.0,NA,passt insgesamt,3,2.5,2.5
30.03.2016 14:09:17,TFK,3,1,3,4,3,2,4,3,3,1,332.0,0.0,19,Frau,3,10.0,ja,8.0,NA,keine Antwort,4,2.7,2.7
30.03.2016 14:09:19,ABC,4,1,3,3,3,2,3,3,3,2,250.0,10.0,22,Mann,2,10.0,nein,40.0,0,passt insgesamt nicht,2,2.7,2.7
30.03.2016 14:09:34,HSK,3,2,1,3,4,2,3,2,4,2,120.0,2.0,19,Frau,2,20.0,nein,5.0,im Schnitt 1 Mal pro Woche,passt insgesamt,2,2.6,2.6
30.03.2016 14:09:48,asz,3,4,3,4,4,2,2,4,4,2,300.0,20.0,20,Mann,2,1.0,nein,20.0,im Schnitt 1 Mal pro Woche,passt insgesamt,4,3.2,3.2
30.03.2016 14:09:53,NA,4,1,2,3,3,1,3,4,4,3,471.0,1.0,20,Frau,3,2.0,ja,20.0,im Schnitt 1 Mal pro Woche,keine Antwort,3,2.8,2.8
30.03.2016 14:09:57,KFW,3,2,4,4,3,2,3,3,4,2,560.0,2.0,24,Frau,4,5.0,ja,20.0,im Schnitt 1 Mal pro Tag,passt insgesamt nicht,4,3.0,3.0
30.03.2016 14:10:27,GYK,3,2,2,2,2,2,3,4,2,2,NA,3.0,20,Mann,2,1.0,nein,10.0,im Schnitt 1 Mal pro Woche,passt insgesamt nicht,5,2.4,2.4
30.03.2016 14:10:28,JSM,3,3,1,4,4,3,3,3,4,2,500.0,NA,19,Frau,2,5.0,ja,30.0,NA,passt insgesamt,2,3.0,3.0
30.03.2016 14:10:38,NAO,4,2,1,3,3,2,3,2,4,2,717.0,2.0,18,Frau,3,15.0,ja,24.0,im Schnitt 1 Mal pro Woche,keine Antwort,2,2.6,2.6
30.03.2016 14:10:53,NA,3,3,2,3,3,2,3,3,3,2,490.0,12.0,22,Mann,3,15.0,nein,20.0,habe keine Kunden,passt insgesamt,4,2.7,2.7
30.03.2016 14:11:01,JLB,3,2,1,3,2,2,3,4,4,1,485.0,0.0,21,Frau,2,2.0,nein,20.0,im Schnitt 1 Mal pro Monat,passt insgesamt nicht,2,2.5,2.5
30.03.2016 14:11:18,AWD,4,1,1,4,4,2,4,4,3,1,410.0,20.0,20,Frau,2,15.0,ja,30.0,im Schnitt mehrfach pro Tag,passt insgesamt,2,2.8,2.8
30.03.2016 14:11:41,RDE,1,3,2,3,4,2,3,3,4,2,300.0,2.0,19,Frau,2,10.0,ja,20.0,im Schnitt 1 Mal pro Woche,passt insgesamt,4,2.7,2.7
31.03.2016 12:35:59,NA,4,3,2,3,2,2,4,3,4,4,245.0,0.0,21,Mann,2,5.0,nein,5.0,im Schnitt 1 Mal pro Monat,passt insgesamt nicht,4,3.1,3.1
31.03.2016 12:36:14,NA,4,3,2,3,2,2,4,3,4,4,245.0,0.0,21,Mann,2,5.0,nein,5.0,im Schnitt 1 Mal pro Monat,passt insgesamt nicht,4,3.1,3.1
31.03.2016 12:36:32,NA,4,3,2,3,2,2,4,3,4,4,245.0,0.0,21,Mann,2,5.0,nein,5.0,im Schnitt 1 Mal pro Monat,passt insgesamt nicht,4,3.1,3.1
10.04.2016 20:14:58,NA,2,3,2,3,2,3,3,2,2,3,NA,0.0,19,Frau,2,40.0,nein,15.0,keinen,keine Antwort,4,2.5,2.5
23.04.2016 11:59:56,NA,3,3,1,2,2,2,2,2,3,1,59.0,0.0,34,Mann,2,NA,NA,NA,im Schnitt mehrfach pro Tag,passt insgesamt nicht,5,2.1,2.1
23.04.2016 12:01:05,RLK,3,1,1,3,3,2,2,2,3,1,321.0,0.0,24,Frau,3,10.0,nein,10.0,im Schnitt mehrfach pro Tag,passt insgesamt,3,2.1,2.1
23.04.2016 12:01:10,NA,4,1,2,3,3,1,4,3,3,2,NA,2.0,26,Mann,2,10.0,nein,8.0,im Schnitt 1 Mal pro Tag,passt insgesamt,2,2.6,2.6
23.04.2016 12:01:11,HBS,3,1,2,3,3,1,3,4,4,2,290.0,5.0,23,Mann,3,10.0,nein,20.0,im Schnitt 1 Mal pro Woche,keine Antwort,2,2.6,2.6
23.04.2016 12:01:23,MBK,1,3,2,2,2,3,2,1,2,2,1e3,24.0,23,Mann,2,1.0,ja,36.0,im Schnitt 1 Mal pro Tag,passt insgesamt,2,2.0,2.0
23.04.2016 12:01:27,Fud,3,2,1,4,4,3,4,4,3,4,800.0,1.0,23,Frau,4,2.0,ja,2.0,im Schnitt mehrfach pro Tag,passt insgesamt,1,3.2,3.2
23.04.2016 12:01:39,NA,3,2,1,4,3,2,4,4,4,2,700.0,35.0,24,Mann,4,NA,ja,NA,im Schnitt 1 Mal pro Tag,passt insgesamt,4,2.9,2.9
23.04.2016 12:01:48,FKM,4,1,3,3,3,2,3,3,3,2,400.0,20.0,24,Mann,3,5.0,nein,20.0,im Schnitt mehrfach pro Tag,keine Antwort,2,2.7,2.7
23.04.2016 12:01:51,NA,4,3,3,4,4,1,3,1,3,2,307.0,0.0,28,Mann,3,5.0,ja,2.0,nie,passt insgesamt nicht,1,2.8,2.8
23.04.2016 12:01:59,NA,3,2,1,2,3,2,2,1,3,NA,125.0,0.0,37,Mann,2,120.0,nein,1.0,im Schnitt mehrfach pro Tag,passt insgesamt,NA,NA,NA
23.04.2016 12:02:00,NA,4,2,2,3,3,1,3,3,4,2,650.0,20.0,25,Mann,3,1.0,ja,25.0,im Schnitt mehrfach pro Tag,passt insgesamt,2,2.7,2.7
23.04.2016 12:02:10,NA,3,2,2,2,3,2,3,3,3,3,341.0,3.0,23,Mann,2,10.0,ja,15.0,im Schnitt mehrfach pro Tag,passt insgesamt nicht,4,2.6,2.6
23.04.2016 12:02:11,Ueh,3,3,1,2,2,3,2,2,4,2,35.0,2.0,29,Mann,2,NA,NA,NA,im Schnitt 1 Mal pro Quartal (oder weniger),passt insgesamt,3,2.4,2.4
23.04.2016 12:02:15,MLD,3,2,3,4,4,2,3,3,3,3,750.0,4.0,25,Mann,4,1.0,ja,16.0,im Schnitt mehrfach pro Tag,passt insgesamt,3,3.0,3.0
23.04.2016 12:02:16,KTE,2,3,1,2,2,4,3,1,3,3,280.0,0.0,33,Mann,3,10.0,ja,0.0,im Schnitt 1 Mal pro Monat,passt insgesamt,2,2.4,2.4
23.04.2016 12:02:20,WDB,4,1,1,4,3,1,3,2,4,2,10.0,1.0,27,Frau,3,30.0,nein,2.0,im Schnitt mehrfach pro Tag,passt insgesamt,1,2.5,2.5
23.04.2016 12:02:21,WMW,3,2,1,4,3,2,3,3,3,3,NA,10.0,31,Frau,3,5.0,ja,25.0,im Schnitt 1 Mal pro Quartal (oder weniger),passt insgesamt,2,2.7,2.7
23.04.2016 12:02:23,HGB,3,3,1,4,3,2,2,1,2,3,120.0,2.0,30,Mann,4,5.0,ja,5.0,im Schnitt mehrfach pro Tag,keine Antwort,2,2.4,2.4
23.04.2016 12:02:30,PBW,3,2,1,2,1,3,2,2,3,1,200.0,2.0,26,Mann,1,0.0,nein,5.0,im Schnitt 1 Mal pro Quartal (oder weniger),passt insgesamt,5,2.0,2.0
23.04.2016 12:02:31,WRB,3,2,1,2,2,3,2,2,3,1,NA,5.0,29,Mann,1,5.0,nein,8.0,im Schnitt mehrfach pro Tag,passt insgesamt nicht,5,2.1,2.1
23.04.2016 12:02:42,NA,3,2,2,3,3,2,3,4,4,2,340.0,5.0,24,Mann,2,15.0,ja,12.0,im Schnitt mehrfach pro Tag,passt insgesamt,2,2.8,2.8
23.04.2016 12:02:49,HBN,3,2,2,3,3,2,2,2,3,2,650.0,4.0,26,Mann,3,15.0,ja,6.0,im Schnitt mehrfach pro Tag,passt insgesamt,4,2.4,2.4
23.04.2016 12:02:52,WKL,3,2,2,4,3,3,3,2,3,3,150.0,1.0,28,Frau,3,5.0,nein,1.0,im Schnitt mehrfach pro Tag,passt insgesamt,2,2.8,2.8
23.04.2016 12:02:54,NA,4,2,2,4,4,2,3,4,4,3,493.0,20.0,27,Mann,3,10.0,ja,40.0,im Schnitt mehrfach pro Tag,passt insgesamt,2,3.2,3.2
23.04.2016 12:03:05,NA,4,1,1,4,4,2,3,4,4,2,150.0,5.0,31,Frau,2,5.0,ja,20.0,im Schnitt 1 Mal pro Tag,passt insgesamt,3,2.9,2.9
23.04.2016 12:03:08,JKN,4,2,3,4,4,2,4,3,3,3,895.0,2.0,28,Mann,3,5.0,ja,50.0,im Schnitt mehrfach pro Tag,passt insgesamt,2,3.2,3.2
23.04.2016 12:03:10,KKA,4,1,2,4,3,1,4,4,4,1,150.0,6.0,27,Frau,3,5.0,nein,24.0,im Schnitt mehrfach pro Tag,passt insgesamt,2,2.8,2.8
23.04.2016 12:03:11,EWP,2,4,2,2,2,2,2,1,2,1,NA,0.0,31,Mann,1,120.0,nein,0.0,im Schnitt 1 Mal pro Quartal (oder weniger),passt insgesamt nicht,2,2.0,2.0
23.04.2016 12:03:15,ASW,4,2,2,4,4,2,3,1,4,2,150.0,0.0,26,Frau,3,20.0,nein,0.0,Nie,passt insgesamt,3,2.8,2.8
23.04.2016 12:03:21,PGT,3,3,1,3,3,2,3,2,3,2,500.0,1.0,31,Mann,3,3.0,ja,5.0,im Schnitt mehrfach pro Tag,passt insgesamt,3,2.5,2.5
23.04.2016 12:03:22,KHD,3,2,2,2,3,2,3,3,3,2,50.0,1.0,27,Mann,2,10.0,nein,5.0,im Schnitt 1 Mal pro Woche,passt insgesamt nicht,5,2.5,2.5
23.04.2016 12:03:31,GUD,4,2,2,3,3,2,3,3,3,2,120.0,10.0,24,Mann,2,NA,ja,NA,im Schnitt 1 Mal pro Monat,passt insgesamt,5,2.7,2.7
23.04.2016 12:03:34,MRH,3,1,3,2,2,1,2,1,2,1,480.0,0.0,28,Mann,2,10.0,ja,10.0,im Schnitt mehrfach pro Tag,passt insgesamt nicht,4,1.8,1.8
23.04.2016 12:03:39,GSW,3,2,3,4,4,2,3,3,3,3,600.0,1.0,25,Frau,4,15.0,ja,20.0,im Schnitt 1 Mal pro Quartal (oder weniger),passt insgesamt,2,3.0,3.0
23.04.2016 12:03:45,NA,3,2,3,3,4,2,4,2,2,3,NA,2.0,30,Mann,3,5.0,ja,5.0,im Schnitt mehrfach pro Tag,passt insgesamt,3,2.8,2.8
23.04.2016 12:03:55,NA,3,2,3,2,2,2,3,2,3,1,NA,2.0,26,Frau,2,30.0,nein,12.0,im Schnitt 1 Mal pro Woche,passt insgesamt nicht,3,2.3,2.3
23.04.2016 12:03:59,NA,4,1,3,3,3,1,3,4,4,2,300.0,1.0,28,Mann,3,15.0,nein,24.0,im Schnitt 1 Mal pro Woche,passt insgesamt,2,2.8,2.8
23.04.2016 12:04:06,UGD,3,2,2,4,3,3,4,2,3,3,130.0,1.0,28,Mann,3,10.0,ja,5.0,im Schnitt mehrfach pro Tag,keine Antwort,2,2.9,2.9
23.04.2016 12:04:07,TBU,3,3,2,3,3,2,3,4,4,2,500.0,2.0,23,Frau,2,15.0,nein,30.0,im Schnitt 1 Mal pro Woche,passt insgesamt nicht,4,2.9,2.9
23.04.2016 12:04:21,FDV,4,2,3,4,3,2,3,3,4,2,300.0,2.0,24,Mann,3,NA,ja,15.0,im Schnitt 1 Mal pro Woche,keine Antwort,4,3.0,3.0
23.04.2016 12:04:24,HSN,3,2,1,2,2,3,1,2,4,2,500.0,2.0,25,Mann,2,15.0,nein,25.0,im Schnitt 1 Mal pro Tag,passt insgesamt,4,2.2,2.2
23.04.2016 12:04:44,RGH,4,1,1,3,3,2,2,3,3,2,400.0,1.0,27,Frau,3,10.0,nein,7.0,im Schnitt mehrfach pro Tag,passt insgesamt,2,2.4,2.4
23.04.2016 12:04:46,NA,3,2,2,4,2,2,3,2,4,1,NA,5.0,29,Mann,1,NA,ja,NA,im Schnitt 1 Mal pro Tag,passt insgesamt,3,2.5,2.5
23.04.2016 12:05:19,MPH,3,3,1,4,4,3,4,4,4,3,650.0,20.0,24,Mann,3,30.0,ja,25.0,im Schnitt mehrfach pro Tag,passt insgesamt,3,3.3,3.3
23.04.2016 12:05:39,Wbl,4,1,3,3,3,1,3,3,4,2,330.0,0.0,26,Mann,4,2.0,nein,14.0,im Schnitt mehrfach pro Tag,passt insgesamt nicht,4,2.7,2.7
23.04.2016 12:05:44,NA,1,1,4,3,3,1,4,3,4,3,NA,NA,NA,Mann,3,NA,ja,NA,im Schnitt mehrfach pro Tag,passt insgesamt,2,2.7,2.7
23.04.2016 12:05:48,NA,3,2,1,2,2,3,3,4,3,2,388.0,10.0,25,Mann,2,NA,nein,10.0,im Schnitt 1 Mal pro Quartal (oder weniger),passt insgesamt,5,2.5,2.5
23.04.2016 12:06:20,NA,3,2,2,4,4,1,3,2,4,2,40.0,1.0,30,Mann,3,5.0,ja,1.0,im Schnitt mehrfach pro Tag,passt insgesamt,3,2.7,2.7
23.04.2016 12:06:28,RKD,4,1,1,3,3,1,3,4,4,3,250.0,10.0,35,Mann,3,5.0,nein,25.0,im Schnitt 1 Mal pro Tag,passt insgesamt,2,2.7,2.7
23.04.2016 12:06:41,SGW,4,1,1,3,3,1,3,3,3,2,200.0,5.0,23,Frau,3,15.0,nein,5.0,im Schnitt 1 Mal pro Tag,passt insgesamt,4,2.4,2.4
23.04.2016 12:06:50,Pso,3,2,1,2,2,4,2,3,3,1,NA,0.0,27,Frau,2,120.0,nein,20.0,im Schnitt 1 Mal pro Quartal (oder weniger),passt insgesamt nicht,4,2.3,2.3
03.05.2016 11:09:54,NA,3,2,2,3,2,3,3,3,3,3,NA,30.0,28,Mann,3,20.0,nein,40.0,im Schnitt 1 Mal pro Quartal (oder weniger),keine Antwort,3,2.7,2.7
09.05.2016 22:10:00,RWM,3,2,3,3,2,2,3,3,2,2,436.0,10.0,27,Mann,2,10.0,nein,20.0,im Schnitt 1 Mal pro Quartal (oder weniger),passt insgesamt,4,2.5,2.5
16.05.2016 11:36:04,NA,3,2,2,3,4,3,3,2,3,2,246.0,1.0,25,Mann,3,2.0,nein,4.0,"Telfonisch täglich, Face to Face 1xWoche",passt insgesamt,3,2.7,2.7
20.05.2016 11:07:32,KNB,4,2,1,4,4,1,3,4,4,2,400.0,2.0,21,Frau,4,5.0,ja,10.0,im Schnitt mehrfach pro Tag,passt insgesamt,2,2.9,2.9
02.06.2016 15:28:01,HLS,3,2,1,4,4,3,2,4,2,2,80.0,0.0,37,Frau,2,1.0,nein,1.0,im Schnitt mehrfach pro Tag,passt insgesamt,3,2.7,2.7
17.06.2016 22:37:44,MHH,3,1,2,4,4,2,4,3,2,3,700.0,2.0,29,Mann,3,3.0,ja,10.0,im Schnitt 1 Mal pro Woche,passt insgesamt,2,2.8,2.8
24.06.2016 22:07:46,NA,4,3,1,3,2,2,3,3,2,2,50.0,2.0,35,Mann,2,10.0,ja,2.0,im Schnitt mehrfach pro Tag,passt insgesamt nicht,5,2.5,2.5
04.07.2016 11:32:23,NA,3,3,2,2,3,2,2,3,4,2,53.0,0.0,33,Frau,2,30.0,ja,6.0,im Schnitt 1 Mal pro Tag,passt insgesamt,3,2.6,2.6
10.07.2016 14:46:09,NA,3,3,2,3,3,2,2,2,2,2,20.0,0.0,53,Mann,3,10.0,ja,2.0,im Schnitt mehrfach pro Tag,passt insgesamt,3,2.4,2.4
25.07.2016 22:04:43,hsb,2,4,2,1,2,4,1,2,2,2,NA,2.0,31,Mann,2,3.0,ja,5.0,im Schnitt mehrfach pro Tag,passt insgesamt,2,2.2,2.2
26.08.2016 14:35:07,PLH,4,1,2,4,3,1,3,2,4,4,239.0,0.0,25,Frau,3,2.0,nein,1.0,im Schnitt mehrfach pro Tag,passt insgesamt,3,2.8,2.8
01.09.2016 09:28:25,CGC,2,2,2,2,3,2,3,3,3,2,620.0,0.0,49,Frau,2,10.0,nein,1.0,im Schnitt mehrfach pro Tag,passt insgesamt nicht,3,2.4,2.4
01.09.2016 15:38:30,RSW,3,2,1,2,2,2,2,3,3,2,218.0,2.0,24,Frau,2,2.0,nein,8.0,im Schnitt 1 Mal pro Quartal (oder weniger),passt insgesamt,5,2.2,2.2
02.09.2016 20:56:28,ABR,3,2,1,2,3,2,2,2,4,2,NA,0.0,27,Frau,2,180.0,nein,0.0,im Schnitt mehrfach pro Tag,passt insgesamt nicht,5,2.3,2.3
04.09.2016 11:01:15,NA,4,1,4,3,4,1,3,3,4,1,472.0,4.0,22,Frau,3,20.0,nein,15.0,im Schnitt mehrfach pro Tag,keine Antwort,3,2.8,2.8
04.09.2016 12:43:11,MHA42AC,4,2,2,4,4,1,3,4,4,3,210.0,5.0,24,Mann,4,10.0,ja,20.0,im Schnitt mehrfach pro Tag,passt insgesamt nicht,3,3.1,3.1
04.09.2016 12:52:55,UEG,4,2,1,3,3,2,3,2,4,2,74.0,0.0,34,Frau,2,10.0,ja,2.0,im Schnitt mehrfach pro Tag,passt insgesamt,2,2.6,2.6
04.09.2016 22:13:20,SANSKRIT,2,4,1,3,3,4,1,1,3,1,500.0,0.0,33,Frau,2,5.0,ja,3.0,im Schnitt mehrfach pro Tag,keine Antwort,5,2.3,2.3
05.09.2016 07:58:42,NA,2,2,1,4,3,3,4,3,2,1,365.0,2.0,27,Frau,3,10.0,nein,40.0,im Schnitt mehrfach pro Tag,passt insgesamt nicht,4,2.5,2.5
05.09.2016 11:22:24,NA,3,2,3,3,3,1,3,2,2,1,80.0,1.0,29,Mann,3,5.0,ja,5.0,im Schnitt 1 Mal pro Woche,passt insgesamt nicht,3,2.3,2.3
05.09.2016 12:40:50,KBK42AC,4,1,2,4,4,1,3,4,4,3,160.0,1.0,26,Frau,3,10.0,ja,6.0,im Schnitt 1 Mal pro Woche,passt insgesamt,1,3.0,3.0
06.09.2016 18:51:55,JCA,4,1,3,4,4,2,4,4,4,3,NA,10.0,37,Mann,4,1.0,ja,30.0,im Schnitt mehrfach pro Tag,passt insgesamt,2,3.3,3.3
07.09.2016 19:16:41,WSK,4,3,1,4,4,3,4,4,4,3,NA,2.0,24,Frau,4,30.0,ja,15.0,im Schnitt mehrfach pro Tag,passt insgesamt,1,3.4,3.4
07.09.2016 20:54:21,PFS,4,1,3,4,4,2,4,4,3,3,900.0,24.0,26,Mann,3,1.0,ja,26.0,im Schnitt mehrfach pro Tag,passt insgesamt,5,3.2,3.2
08.09.2016 21:30:16,HPD,3,1,3,2,3,3,2,3,4,1,170.0,6.0,22,Frau,2,5.0,nein,15.0,im Schnitt mehrfach pro Tag,passt insgesamt,5,2.5,2.5
08.09.2016 21:38:54,NPM42AC,4,2,2,4,3,2,4,1,3,4,147.0,1.0,26,Mann,3,5.0,ja,4.0,im Schnitt 1 Mal pro Quartal (oder weniger),passt insgesamt,2,2.9,2.9
08.09.2016 23:00:20,HSWAAC42AC,4,2,1,4,3,2,2,2,3,3,207.0,0.0,25,Frau,3,20.0,nein,10.0,im Schnitt mehrfach pro Tag,passt insgesamt,2,2.6,2.6
09.09.2016 07:36:51,WGM,3,2,3,3,3,2,2,3,3,3,NA,3.0,27,Mann,3,2.0,nein,12.0,im Schnitt mehrfach pro Tag,passt insgesamt,2,2.7,2.7
09.09.2016 08:33:31,OKH,4,1,2,4,4,3,3,2,3,1,310.0,0.0,30,Frau,3,20.0,nein,8.0,im Schnitt mehrfach pro Tag,passt insgesamt,3,2.7,2.7
09.09.2016 11:30:16,JHH,4,2,1,4,4,3,4,3,3,3,103.0,2.0,43,Frau,3,10.0,nein,1.0,im Schnitt 1 Mal pro Tag,passt insgesamt,2,3.1,3.1
09.09.2016 12:59:36,NA,2,3,1,3,2,3,3,2,2,2,300.0,8.0,24,Mann,3,15.0,ja,4.0,im Schnitt mehrfach pro Tag,passt insgesamt,2,2.3,2.3
09.09.2016 18:09:27,NA,3,2,3,4,4,2,3,3,4,2,250.0,1.0,22,Frau,2,2.0,ja,20.0,im Schnitt mehrfach pro Tag,passt insgesamt,3,3.0,3.0
09.09.2016 19:45:12,NA,3,3,2,3,2,2,2,2,3,3,500.0,5.0,23,Mann,2,30.0,ja,12.0,im Schnitt 1 Mal pro Monat,passt insgesamt nicht,4,2.5,2.5
10.09.2016 08:19:45,XZL,2,4,2,2,1,3,1,1,2,2,157.0,0.0,NA,Mann,1,60.0,nein,0.0,im Schnitt 1 Mal pro Monat,passt insgesamt nicht,5,2.0,2.0
11.09.2016 13:18:43,SWZ,3,2,1,4,3,3,3,2,3,2,50.0,1.0,32,Frau,3,30.0,nein,7.0,im Schnitt 1 Mal pro Tag,passt insgesamt,3,2.6,2.6
11.09.2016 14:02:41,TGN,3,3,1,2,3,3,2,2,3,2,NA,3.0,26,Frau,2,15.0,ja,10.0,im Schnitt mehrfach pro Tag,passt insgesamt nicht,2,2.4,2.4
11.09.2016 16:54:34,SSG,3,2,1,3,3,3,3,3,4,2,185.0,0.0,29,Frau,3,60.0,ja,5.0,im Schnitt mehrfach pro Tag,passt insgesamt,2,2.7,2.7
11.09.2016 19:11:53,Mmk,2,3,1,3,1,3,2,2,2,1,NA,200.0,28,Frau,1,15.0,nein,5.0,im Schnitt mehrfach pro Tag,passt insgesamt nicht,5,2.0,2.0
11.09.2016 21:45:41,AKM,3,1,1,3,3,3,3,3,4,2,550.0,24.0,28,Mann,3,20.0,nein,30.0,im Schnitt 1 Mal pro Woche,keine Antwort,3,2.6,2.6
11.09.2016 22:24:28,ASS,2,2,2,2,2,4,3,2,2,1,130.0,2.0,21,Frau,2,15.0,nein,4.0,im Schnitt 1 Mal pro Tag,passt insgesamt,5,2.2,2.2
12.09.2016 13:44:16,WML,4,1,2,4,4,2,4,4,3,2,350.0,4.0,25,Frau,3,10.0,nein,10.0,im Schnitt mehrfach pro Tag,keine Antwort,2,3.0,3.0
12.09.2016 17:07:27,RRT,2,3,1,2,2,3,3,2,4,2,430.0,0.0,29,Frau,1,30.0,nein,0.0,im Schnitt mehrfach pro Tag,passt insgesamt nicht,5,2.4,2.4
12.09.2016 19:50:59,NKH,4,2,1,3,3,2,3,3,3,3,150.0,6.0,29,Mann,3,10.0,ja,6.0,im Schnitt mehrfach pro Tag,passt insgesamt,3,2.7,2.7
13.09.2016 00:24:27,NA,4,3,3,2,2,2,4,4,4,3,435.0,25.0,27,Mann,3,15.0,nein,10.0,im Schnitt 1 Mal pro Quartal (oder weniger),passt insgesamt,3,3.1,3.1
13.09.2016 10:02:16,DAS,3,3,1,3,1,3,3,3,2,3,192.0,5.0,29,Mann,3,25.0,nein,5.0,im Schnitt 1 Mal pro Quartal (oder weniger),keine Antwort,2,2.5,2.5
13.09.2016 11:59:56,MBA,3,2,1,3,2,2,3,2,4,2,298.0,10.0,22,Frau,3,15.0,ja,15.0,im Schnitt mehrfach pro Tag,passt insgesamt,4,2.4,2.4
13.09.2016 12:24:02,MAE,4,2,2,4,4,3,4,4,4,3,446.0,2.0,26,Mann,3,5.0,ja,20.0,im Schnitt mehrfach pro Tag,passt insgesamt,2,3.4,3.4
13.09.2016 12:24:42,SBR,3,1,2,3,3,2,2,3,4,3,200.0,0.0,19,Frau,2,5.0,ja,15.0,im Schnitt 1 Mal pro Quartal (oder weniger),passt insgesamt nicht,3,2.6,2.6
13.09.2016 13:34:39,LKM,3,2,2,3,3,2,2,1,3,1,300.0,0.0,21,Frau,2,15.0,nein,12.0,im Schnitt 1 Mal pro Tag,passt insgesamt nicht,4,2.2,2.2
13.09.2016 15:30:59,EMM,4,1,1,4,3,1,3,3,3,2,460.0,5.0,24,Frau,3,NA,nein,15.0,im Schnitt mehrfach pro Tag,passt insgesamt,3,2.5,2.5
